Name,Email,Region,Role,Department,Gender,Tenure,OverallSatisfaction,JobSatisfaction,OrganizationalCulture,WorkLifeBalance
Rachael_Reynolds95,Fern8@gmail.com,French Polynesia,Analyst,hr,female,30,4,1,2,1
Armani64,Mandy18@yahoo.com,Ireland,Architect,hr,male,24,5,4,1,4
Ena.Schumm,Darwin_Haag68@yahoo.com,Bosnia and Herzegovina,Strategist,content,male,23,5,2,2,2
Lindsey.Hyatt5,Dangelo_Roberts@gmail.com,Yemen,Developer,content,male,4,3,1,4,5
Breanna.Boehm0,Amos12@hotmail.com,Jersey,Executive,tech,male,25,5,2,4,2
Elmo.Runolfsson76,Mozelle7@gmail.com,American Samoa,Supervisor,sales,male,23,5,1,2,3
Einar.Schinner,Parker_Runolfsson@yahoo.com,Norway,Representative,product,male,28,4,1,1,2
Stephanie.Heidenreich,Austyn20@hotmail.com,Madagascar,Agent,product,male,12,5,3,5,4
Libbie.Jakubowski1,Rahul.Ebert@hotmail.com,Yemen,Engineer,finance,male,2,5,4,3,2
Kari.Graham,Gage.Cole@yahoo.com,Germany,Supervisor,sales,female,15,3,5,1,3
Meta_McCullough,Lukas_Feeney40@hotmail.com,Egypt,Manager,finance,female,6,1,2,4,2
Jaquelin.Senger,Ebony25@yahoo.com,Trinidad and Tobago,Administrator,sales,male,3,3,2,2,5
Wilfredo_Gleichner34,Lavinia_Ritchie@yahoo.com,Democratic People's Republic of Korea,Engineer,tech,male,4,3,5,4,4
Lew31,Lauren.Roberts21@yahoo.com,Indonesia,Technician,content,male,29,2,1,5,3
Anita_Wunsch20,Josephine_Lynch@hotmail.com,Montserrat,Representative,hr,female,26,1,5,3,2
Zoila64,Hubert_Gutmann79@gmail.com,Somalia,Technician,content,male,20,5,2,4,5
Janessa.Bradtke21,Winifred_Padberg@yahoo.com,Fiji,Engineer,hr,male,20,3,1,2,3
Marcel_Wiegand75,Kenneth.Schroeder18@gmail.com,China,Administrator,content,female,25,4,5,2,3
Chester.Flatley55,Adelia_Kilback22@hotmail.com,Taiwan,Administrator,product,female,2,5,2,5,5
Brett_Bosco29,Nathen.Mayer39@hotmail.com,Central African Republic,Orchestrator,sales,female,2,5,1,1,2
Norma_Kris,Aurore_Waelchi37@yahoo.com,Sierra Leone,Developer,content,male,8,5,2,2,4
Amina_Bahringer,Jermain24@hotmail.com,Denmark,Officer,tech,female,23,1,2,5,3
Rosario.Pollich,Zion13@yahoo.com,Saint Kitts and Nevis,Engineer,sales,male,22,5,4,3,2
Jerrold_Medhurst,Tyshawn25@hotmail.com,Libyan Arab Jamahiriya,Coordinator,sales,female,4,2,4,3,2
Lewis86,Antoinette.Fritsch39@hotmail.com,North Macedonia,Facilitator,product,female,23,3,4,2,2
Oren72,Jamir_Bartoletti@yahoo.com,Grenada,Representative,finance,female,8,4,5,2,2
Shirley_Dickinson8,Otilia_Kerluke60@gmail.com,Latvia,Strategist,sales,female,6,5,1,1,5
Michel.Kihn,Emmalee67@hotmail.com,Lebanon,Executive,sales,female,19,5,1,3,3
Aron23,Lew60@yahoo.com,South Africa,Associate,tech,female,30,3,2,1,4
Brandyn_OHara,Alfreda.Wintheiser@gmail.com,Nepal,Specialist,tech,male,18,4,3,2,2
Rasheed.Brekke25,Reynold11@hotmail.com,Greenland,Assistant,tech,female,20,5,3,1,4
Norberto37,Zoe.Prosacco38@hotmail.com,Guyana,Associate,product,male,8,1,5,1,5
Zola.Cremin95,Sydney_Ziemann87@gmail.com,Philippines,Specialist,product,female,7,4,2,1,4
Ana_Rice60,Curt69@hotmail.com,South Sudan,Architect,hr,female,27,3,1,2,2
Giuseppe52,Abigale_Reinger@yahoo.com,Grenada,Administrator,product,female,9,3,2,3,5
Ernest10,Jacinto13@hotmail.com,Saint Pierre and Miquelon,Producer,finance,male,12,1,1,4,5
Clotilde39,Hermina.Moen@yahoo.com,Bouvet Island,Architect,product,female,5,5,3,5,3
Jorge.Hansen-Adams,Chyna_Stamm95@hotmail.com,Saint Barthelemy,Executive,finance,male,7,2,3,1,3
Charley_Torphy,Marcelina57@hotmail.com,Benin,Supervisor,content,male,1,3,5,2,5
Camren15,Russ23@yahoo.com,Mayotte,Supervisor,finance,male,25,2,2,3,5
Marta.Spencer,Myrtie_Altenwerth@hotmail.com,Cocos (Keeling) Islands,Orchestrator,product,female,23,5,2,3,5
Ivah.Dickinson15,Darryl59@hotmail.com,Guam,Executive,content,female,1,1,5,4,3
Maya.Thiel,Annie12@yahoo.com,Benin,Consultant,content,female,25,3,1,3,4
Enrique70,Colby.Funk@gmail.com,Ecuador,Specialist,sales,male,16,1,4,1,3
Rylee_Rodriguez52,Leatha_Bashirian63@yahoo.com,Wallis and Futuna,Agent,sales,female,3,4,3,3,3
Ericka_Cole-Hickle79,Alize39@gmail.com,Pitcairn Islands,Administrator,finance,female,23,5,2,5,5
Maximo.Bergnaum,Keenan.Koepp@yahoo.com,Lesotho,Developer,tech,female,15,4,1,5,5
Matt.Bernier,Ceasar.Schimmel@hotmail.com,Congo,Designer,tech,male,9,4,1,4,3
Laisha63,Lennie.Bahringer@yahoo.com,Grenada,Architect,tech,female,4,4,1,5,2
Mabelle.Wolff,Kathlyn_Lowe60@yahoo.com,Guinea,Technician,content,female,4,5,5,3,5
Jovanny.Rice,Elsie_Heathcote@yahoo.com,Saint Martin,Engineer,content,female,20,4,1,4,3
Alaina_Weber68,Kale22@hotmail.com,Qatar,Assistant,hr,female,18,4,5,1,3
Geraldine_Little73,Eve_Hammes@hotmail.com,Svalbard & Jan Mayen Islands,Representative,product,male,29,5,4,1,3
Aidan_Kulas42,Magali_Kunze@hotmail.com,Ghana,Director,sales,male,5,3,5,5,3
Tyler98,Dillan52@hotmail.com,Azerbaijan,Analyst,tech,male,7,4,1,4,2
Garnet87,Jeremie.Hilpert89@hotmail.com,Bosnia and Herzegovina,Administrator,product,male,2,1,2,2,4
Kale97,Meda61@yahoo.com,Cuba,Architect,finance,female,10,2,2,1,2
Andy25,Preston_Stokes74@yahoo.com,Anguilla,Facilitator,content,female,1,4,4,5,4
Ward_Frami,Adolphus.Krajcik@yahoo.com,Tonga,Analyst,sales,male,29,1,5,5,2
Daniela_Green,Heidi.Schinner@yahoo.com,Falkland Islands (Malvinas),Assistant,hr,female,9,5,3,2,3
Blake_Sanford50,Garret_Treutel@hotmail.com,Saint Lucia,Director,sales,female,2,2,2,4,4
Luella70,Griffin79@hotmail.com,Tuvalu,Coordinator,sales,male,26,3,3,1,5
Brayan70,Raul_Friesen64@hotmail.com,Tuvalu,Liaison,finance,female,27,4,3,1,3
Jules.Kling,Savanna.Metz78@gmail.com,Uganda,Engineer,tech,male,7,3,3,5,2
Lucy80,Elbert_Barton93@hotmail.com,Bahamas,Facilitator,product,female,19,4,2,3,3
Erwin.Christiansen,Louie_Herman94@gmail.com,Puerto Rico,Liaison,hr,male,8,4,1,4,5
Alexis.Mueller97,Alexander.Graham39@gmail.com,Fiji,Specialist,finance,male,8,5,2,3,3
Zoie.Davis10,Vladimir81@yahoo.com,Mozambique,Agent,finance,male,29,4,3,5,4
Erick_Rogahn,Jimmy90@hotmail.com,Belize,Agent,finance,male,9,1,2,5,2
Xzavier.Marvin73,Rhoda.Franey9@gmail.com,Iran,Developer,sales,male,3,1,4,2,3
Aylin6,Jules.Bruen@gmail.com,San Marino,Director,content,male,11,1,2,4,2
Carolanne_Connelly,Clinton.Jaskolski20@gmail.com,Hong Kong,Consultant,tech,female,24,3,3,5,2
Loyal_Cremin,Seamus.Hagenes21@hotmail.com,Guinea,Developer,product,male,1,5,1,1,3
Myriam.Schaefer,Tommie71@hotmail.com,Zambia,Planner,hr,female,14,1,1,2,3
Sigurd_Kozey24,Bradly29@yahoo.com,Eritrea,Designer,sales,male,9,4,4,4,2
Manley.Larson,Melissa.Stanton4@hotmail.com,Finland,Developer,hr,male,21,1,5,2,4
Meta.Lehner82,Maud87@yahoo.com,Falkland Islands (Malvinas),Director,product,female,22,3,5,5,5
Darwin.Halvorson83,Ken_Daugherty@yahoo.com,Mayotte,Associate,sales,female,3,1,4,4,5
Colleen.Okuneva48,Scotty_Kuvalis-Johns@yahoo.com,Uganda,Representative,content,female,25,5,2,5,5
Meta.Nader65,Lamar.Olson-Reynolds62@hotmail.com,United Kingdom,Producer,finance,male,8,2,2,2,2
Taylor_Fadel,Sim.Hoppe93@hotmail.com,Togo,Executive,hr,female,5,1,4,3,4
Gunnar.Rippin74,Cesar33@yahoo.com,Panama,Strategist,sales,female,19,5,4,4,4
Bo7,Maryjane.Predovic45@hotmail.com,Guernsey,Coordinator,product,male,8,5,5,4,5
Concepcion_Johns44,Macy_Mayer@gmail.com,Gambia,Architect,sales,female,12,2,1,5,5
Keara95,Micah.Reilly-Franey8@yahoo.com,Anguilla,Analyst,sales,male,29,2,4,5,4
Craig0,Nils.Haley8@gmail.com,Bulgaria,Director,product,male,23,2,4,3,3
Kennedy.Harvey81,Giovanni84@gmail.com,Singapore,Analyst,content,male,13,4,2,4,2
Brad51,Mckenzie_Treutel@hotmail.com,Turkmenistan,Specialist,tech,male,16,5,1,2,4
Emanuel.Breitenberg52,Josh36@hotmail.com,Heard Island and McDonald Islands,Architect,sales,female,16,3,5,5,3
Lionel_Goyette,Johnpaul.Koss8@hotmail.com,Sierra Leone,Associate,hr,male,28,1,2,1,2
Frederik_Ankunding,Gianni29@hotmail.com,Cote d'Ivoire,Producer,hr,female,16,1,4,4,2
Lenora.Volkman,Jadon93@hotmail.com,Pitcairn Islands,Architect,sales,female,18,1,4,1,4
Harvey_Crist,Kyra49@gmail.com,Panama,Administrator,finance,female,25,4,1,4,4
Bernadine.Pacocha67,Christine.Huel29@yahoo.com,"Virgin Islands, British",Representative,finance,female,20,1,5,2,5
Shania.Homenick77,Sierra_Davis51@yahoo.com,Guyana,Engineer,product,female,16,1,4,2,4
Elza79,Jada.Cruickshank@gmail.com,Gabon,Producer,content,female,25,3,3,4,2
Everett.Jenkins,Dashawn.Emard@gmail.com,Cocos (Keeling) Islands,Manager,sales,female,29,4,2,4,2
Kathleen_Ankunding87,Myrl.Hermiston@yahoo.com,Cook Islands,Technician,content,male,26,4,3,5,2
Myles_Gleason,Dion_Mosciski65@gmail.com,Israel,Developer,sales,female,1,3,3,3,4
Natalie43,Janick_Abshire@gmail.com,Tajikistan,Coordinator,hr,female,16,4,1,4,4
Ansley42,Rosemary_Parker68@yahoo.com,Qatar,Planner,product,female,24,2,4,5,3
Joan.Kiehn,Annetta.Hickle@gmail.com,Latvia,Architect,product,female,10,5,1,4,5
Eddie.Legros35,Pietro95@yahoo.com,Dominica,Technician,finance,male,21,1,5,1,5
Heloise_Stroman,Layne_Dickinson@yahoo.com,Estonia,Consultant,content,male,30,5,2,1,4
Jody98,Cali24@gmail.com,Sint Maarten,Producer,hr,female,17,3,3,2,4
Samara_Pagac37,Ron_Klein89@gmail.com,Senegal,Executive,product,female,21,5,1,4,5
Javon82,Monica_Kuhic74@gmail.com,Papua New Guinea,Producer,hr,male,16,1,1,4,5
Simone_Swift91,Reid26@gmail.com,Cyprus,Representative,tech,male,14,3,3,2,3
Trinity16,Brennan.Lind78@hotmail.com,Christmas Island,Officer,tech,male,4,3,4,4,3
Mason_Mosciski,Filiberto.Reynolds35@hotmail.com,Thailand,Technician,sales,female,25,4,3,4,3
Vergie_Medhurst59,Jaydon.Lynch@yahoo.com,Finland,Specialist,hr,female,29,1,1,5,4
Arlene54,Horacio65@yahoo.com,Senegal,Liaison,product,female,28,4,5,3,4
Lyric_Wolf60,Alan.Turner@gmail.com,Trinidad and Tobago,Producer,finance,female,27,1,2,1,4
Charlie38,Braden13@gmail.com,Eswatini,Architect,content,male,25,5,5,1,3
Thad_OConner-Barrows9,Elouise26@gmail.com,Cameroon,Agent,product,male,20,4,3,2,2
Lexie.Kunde,Kassandra56@yahoo.com,Dominica,Engineer,finance,female,1,4,1,1,3
Candido.Lueilwitz,Callie84@yahoo.com,South Sudan,Consultant,product,female,16,1,2,4,5
Hallie.Hammes,Otha_Weimann@gmail.com,Mauritius,Associate,tech,female,30,5,3,3,4
Blaze_Bogan43,Bud.Langworth@hotmail.com,Slovakia,Associate,tech,female,27,2,1,2,5
Stella_Rowe82,Lazaro94@hotmail.com,Gambia,Associate,finance,male,27,2,3,1,3
Evan.Pfeffer8,Otha.Kreiger@gmail.com,Syrian Arab Republic,Representative,sales,male,9,4,2,3,3
Makenzie.Schmitt,Sigurd_Armstrong@hotmail.com,Latvia,Representative,product,female,28,1,3,2,3
Alvis63,Eulalia.Lang@gmail.com,Venezuela,Specialist,finance,male,6,5,1,2,3
Arvel65,Thea_Barrows@gmail.com,Zimbabwe,Supervisor,product,female,30,5,3,3,4
Edmund58,Constantin_Hayes12@yahoo.com,Latvia,Developer,finance,male,13,2,2,4,3
Lawrence_Ziemann,Craig.McClure9@yahoo.com,Kiribati,Technician,content,male,29,1,2,4,4
Kianna.Wiza70,Torey_Powlowski93@hotmail.com,Mauritania,Liaison,sales,female,11,2,3,4,4
Antwon.Torphy-Mann40,Ed_Daugherty@gmail.com,Iceland,Facilitator,tech,female,24,4,5,2,4
Harvey65,Jeanie82@hotmail.com,Maldives,Associate,hr,male,6,3,4,4,3
Trevor54,Okey_McCullough@hotmail.com,Senegal,Assistant,tech,male,18,1,1,5,3
Romaine11,Rasheed.Brekke47@hotmail.com,Belarus,Assistant,sales,female,10,5,4,4,5
Carmel4,Edwin_Bednar@yahoo.com,Guinea-Bissau,Representative,product,female,16,2,3,1,4
Remington_Friesen65,Oswaldo.Swaniawski@gmail.com,Lesotho,Planner,tech,female,10,5,3,1,2
Fern.Wisozk,Colton74@yahoo.com,France,Designer,finance,female,15,5,4,2,2
Willy.Hills,Tyrese.Adams@gmail.com,Sudan,Technician,hr,female,27,3,4,1,3
Edd64,Thomas.Stroman@hotmail.com,Uzbekistan,Director,finance,male,18,4,5,1,3
Felton.Mertz31,Rodolfo69@yahoo.com,Grenada,Supervisor,tech,female,17,4,4,4,3
Jocelyn_Crona93,Bernadette_Kuphal31@hotmail.com,Armenia,Assistant,sales,female,11,2,2,3,3
Nona_Heller,Vernie_Johnston@gmail.com,Sweden,Consultant,product,female,17,5,4,3,4
Georgiana.Weissnat,Leopoldo_Pouros@gmail.com,Germany,Analyst,content,male,17,5,4,1,4
Crystal36,Rosalee_Roob35@yahoo.com,Lebanon,Technician,finance,female,1,4,3,5,2
Isidro_Mayert79,Kenyon91@gmail.com,Afghanistan,Manager,content,male,11,4,3,4,5
Nakia42,Jay.VonRueden@hotmail.com,Paraguay,Director,finance,male,1,1,4,3,4
Demetrius.Ankunding,Vaughn80@gmail.com,Guadeloupe,Assistant,sales,female,1,3,5,4,2
Casper.Dietrich71,Zita.Dickens@gmail.com,Armenia,Designer,sales,female,18,3,2,5,4
Cole_Dicki78,Alicia.Stamm47@yahoo.com,North Macedonia,Agent,product,female,20,1,5,3,4
Eliseo3,Roy30@hotmail.com,Panama,Specialist,finance,male,21,3,2,3,3
Carlo33,Esteban59@hotmail.com,Bahamas,Designer,content,male,10,4,2,5,5
Rashad.Larson,Zita_Olson@gmail.com,Ghana,Consultant,sales,female,4,2,3,5,4
Everette.Kub28,Eldred75@yahoo.com,Latvia,Producer,sales,male,28,1,1,5,5
Clay_Hansen,Toy_Schumm@gmail.com,Nigeria,Designer,finance,female,7,1,1,2,3
Anabel.Schulist,Helga.OReilly46@yahoo.com,Seychelles,Orchestrator,tech,female,9,3,5,2,5
Lillian_Hickle45,Catherine92@hotmail.com,Pitcairn Islands,Officer,sales,female,9,5,4,5,5
Frank_Keeling,Evelyn.Weber19@hotmail.com,Sint Maarten,Executive,content,female,27,4,3,4,5
Lysanne.Upton89,Hildegard.Quigley@hotmail.com,Dominica,Analyst,tech,female,19,1,3,1,5
Cierra34,Isabel.Runte56@hotmail.com,Suriname,Engineer,content,male,18,1,2,5,3
Dameon.Kub73,Lessie_Stracke65@gmail.com,Panama,Analyst,hr,female,23,4,5,3,5
Dena.Ward17,Deborah14@yahoo.com,Hong Kong,Liaison,tech,female,26,1,1,1,5
Eric47,Gonzalo_Halvorson60@gmail.com,Belgium,Coordinator,content,male,24,4,2,2,2
Kenyon_Hamill,Carole_Stiedemann49@yahoo.com,Serbia,Facilitator,hr,female,19,2,1,1,4
Elise.Ryan,Demond55@gmail.com,Reunion,Producer,sales,female,11,4,4,4,3
Lawrence.Toy28,Meda59@yahoo.com,Democratic Republic of the Congo,Analyst,finance,female,5,3,4,5,4
Esteban_Cronin4,Cale_Herman5@gmail.com,British Indian Ocean Territory (Chagos Archipelago),Director,finance,male,3,2,2,5,2
Rex_Moen90,Maribel_Torp42@yahoo.com,Aland Islands,Engineer,finance,female,9,3,3,3,2
Iva_Graham1,Doug.Rogahn@hotmail.com,Bolivia,Officer,product,male,10,4,4,5,2
Herminia41,Kali55@hotmail.com,Micronesia,Specialist,sales,female,21,4,1,4,5
Chanel62,Deontae35@yahoo.com,Tanzania,Specialist,finance,female,28,5,5,2,4
Phyllis53,Quincy.Schowalter58@yahoo.com,Bahamas,Producer,product,female,13,1,4,2,4
Amelia.Boyer97,Leanna15@gmail.com,Austria,Agent,tech,male,19,3,4,3,4
Daija_Kris,Tabitha_Howe@yahoo.com,Afghanistan,Consultant,finance,male,13,1,2,3,5
Shyanne.Herman,Johnathon_Parisian70@hotmail.com,Botswana,Agent,hr,female,23,2,1,1,4
Kennedi.Altenwerth,Lori_Herman@hotmail.com,Italy,Liaison,product,female,16,3,5,1,5
Stacy_Sporer25,Virginie17@hotmail.com,Nicaragua,Designer,finance,female,23,5,1,4,3
Brenden68,Zackery_Okuneva@gmail.com,Serbia,Coordinator,hr,male,16,4,4,1,4
Gus74,Tamia31@yahoo.com,Cyprus,Manager,finance,male,18,2,5,1,5
Wanda85,Uriah_Mayert25@gmail.com,Algeria,Administrator,finance,male,7,3,1,5,2
Virginia.Collins45,Jeramy_Nolan73@gmail.com,Northern Mariana Islands,Orchestrator,hr,female,21,1,5,3,3
Shaina_Senger8,Efren45@gmail.com,Holy See (Vatican City State),Specialist,content,male,1,3,3,4,2
Vita_McDermott35,Ray.Hyatt45@hotmail.com,Mauritania,Specialist,hr,male,24,1,4,1,4
Carlee34,Clifton.Abernathy82@yahoo.com,French Guiana,Liaison,finance,female,19,3,1,4,5
Earlene46,Kyler53@hotmail.com,Cambodia,Orchestrator,sales,male,4,5,2,1,3
Edd_Mohr,Geraldine.Schulist53@hotmail.com,Tanzania,Consultant,sales,male,26,3,1,2,4
Micah.Waelchi,Ashley_Rogahn7@gmail.com,Pakistan,Representative,finance,female,30,2,2,1,3
Derrick_Bergnaum,Herminia86@hotmail.com,Lao People's Democratic Republic,Consultant,hr,female,3,2,4,1,3
Leone_Huels56,Tracey.Waelchi@yahoo.com,Iraq,Coordinator,tech,male,1,5,4,2,5
Blanche1,Dudley.Labadie@hotmail.com,India,Representative,sales,female,20,3,5,3,5
Kale21,Hannah25@gmail.com,Saudi Arabia,Strategist,hr,female,30,3,2,1,4
Cristina77,Myrtle.Lueilwitz@gmail.com,Afghanistan,Director,content,female,2,4,2,4,4
Melyssa45,Irwin_Weber0@yahoo.com,Mozambique,Designer,product,female,17,3,3,5,2
Joshuah.Grady18,Concepcion34@yahoo.com,Timor-Leste,Planner,sales,female,17,5,5,5,2
Zander11,Zella_Frami@hotmail.com,Northern Mariana Islands,Representative,content,female,29,3,1,3,3
Presley.Daugherty67,Vivian.Brakus@hotmail.com,Colombia,Manager,product,male,24,1,5,3,5
Josefina_Klocko14,Keshawn_Walsh17@gmail.com,Guam,Associate,tech,female,4,5,4,4,3
Darren.Terry9,Lilliana94@gmail.com,Saudi Arabia,Technician,content,female,28,4,3,5,2
Audrey82,Marcelle_Donnelly-Buckridge12@hotmail.com,Bhutan,Coordinator,hr,female,22,5,1,4,3
Javonte.Reinger,Demetrius50@yahoo.com,United Kingdom,Technician,product,female,14,2,2,5,4
Madge24,Travon98@yahoo.com,Ireland,Manager,product,female,14,4,4,4,3
Kenny_Altenwerth,Liza.Beatty4@yahoo.com,Aland Islands,Coordinator,hr,female,23,3,2,5,3
Allen_Murphy77,Marcelina29@yahoo.com,Mozambique,Administrator,tech,female,8,1,5,4,2
Elisabeth25,Dulce4@hotmail.com,Cook Islands,Director,content,female,27,5,1,5,5
Alfred10,Claudine.Turner@yahoo.com,Rwanda,Liaison,tech,female,28,5,2,3,3
Ryley.Schmitt6,Seth.Price88@gmail.com,Anguilla,Director,product,male,11,4,5,4,4
Novella_Bauch44,Penelope_Schneider38@gmail.com,Bosnia and Herzegovina,Director,finance,male,2,3,1,2,2
Avery17,Natasha_Swift@hotmail.com,Myanmar,Supervisor,sales,female,22,4,4,3,3
Wilmer.Waters5,Frances82@gmail.com,Taiwan,Supervisor,product,male,6,3,4,1,2
Osbaldo86,Amani.Adams@gmail.com,Tokelau,Administrator,tech,female,11,4,2,4,2
Norma72,Coy_Wiza-Schimmel@yahoo.com,Georgia,Developer,content,female,10,2,5,5,2
Rod93,Hosea_Gottlieb82@gmail.com,Eritrea,Administrator,sales,male,6,4,3,4,4
Alphonso29,Lynn87@gmail.com,Curacao,Agent,sales,female,1,2,4,2,2
Valerie61,Euna.Reinger22@hotmail.com,Madagascar,Planner,content,male,21,4,2,5,4
Hyman_Jakubowski9,Felicia70@gmail.com,Czechia,Consultant,finance,female,5,3,2,1,2
Gerson.Larson,Kaela_Ryan@gmail.com,Indonesia,Director,sales,male,1,1,1,2,3
Jan_Flatley50,Rowan33@yahoo.com,Chile,Producer,tech,female,6,5,3,5,2
Verona.Funk,Wyman_Fay@gmail.com,Somalia,Strategist,tech,female,23,2,2,2,5
Robb55,Amari_Jakubowski@hotmail.com,Czechia,Coordinator,finance,male,3,3,3,3,2
Jade.Adams56,Earnestine.Schmitt1@hotmail.com,Moldova,Consultant,tech,female,9,1,2,2,3
Kianna95,Maegan.Pouros29@yahoo.com,Hungary,Analyst,hr,female,20,2,3,3,5
Cameron66,Kari44@yahoo.com,Belarus,Manager,content,male,4,1,4,2,3
Jalon.Hermiston,Anibal_Beatty@yahoo.com,Samoa,Producer,content,male,28,2,5,5,5
Hershel_Cassin47,Lavinia.Wilkinson56@hotmail.com,Dominican Republic,Executive,tech,female,25,5,5,5,5
Jesus_Stracke64,Howard.Kling92@gmail.com,Kuwait,Coordinator,sales,female,8,4,3,5,3
Brice_Klocko21,Andres_Murazik73@gmail.com,Latvia,Analyst,tech,male,29,5,3,5,5
Louisa32,Maya72@gmail.com,Curacao,Executive,sales,female,24,3,1,4,2
Caesar.Schoen64,Vivianne84@hotmail.com,Mayotte,Facilitator,hr,male,7,2,3,2,5
Shania46,Alverta_Doyle@hotmail.com,Guam,Strategist,finance,female,27,2,2,4,5
Howard.Ziemann,Rickey.Muller@yahoo.com,Cocos (Keeling) Islands,Engineer,sales,male,16,4,2,1,3
Santiago.Klein61,Yasmeen_Zboncak16@gmail.com,French Guiana,Producer,hr,female,13,5,4,5,5
Melisa53,Zula38@yahoo.com,Turks and Caicos Islands,Orchestrator,content,female,5,3,5,3,4
King.Kuhlman,Jimmy_Terry76@yahoo.com,Hungary,Analyst,content,female,25,5,5,3,5
Logan84,Margarita.Wolf68@gmail.com,Georgia,Specialist,sales,female,7,3,1,1,4
Odessa.DuBuque61,Jocelyn41@yahoo.com,Cyprus,Director,sales,male,14,1,3,5,2
Dylan.Gibson,Elaina_Haag29@gmail.com,Panama,Technician,hr,female,15,5,1,2,2
Maymie.Gislason,Rosalee.Kling@gmail.com,Bhutan,Assistant,content,female,15,5,3,4,4
Vidal70,Joesph8@hotmail.com,Spain,Engineer,hr,male,18,3,4,4,3
Orin_Dach,Salvador58@hotmail.com,Ukraine,Assistant,finance,female,24,2,3,1,4
Barbara10,Jameson.Towne@yahoo.com,"Bonaire, Sint Eustatius and Saba",Technician,finance,female,23,5,1,3,3
Tristin_Ryan,Bell5@gmail.com,Ghana,Associate,sales,female,4,1,2,5,4
Dee80,Jada.Jacobi@hotmail.com,French Southern Territories,Specialist,content,male,18,5,3,5,3
Ignatius61,Merlin.Dicki40@gmail.com,Maldives,Producer,product,male,12,2,3,3,3
Monroe.Kuvalis41,Raphael70@hotmail.com,Taiwan,Executive,finance,female,23,4,5,5,3
Cora_Kovacek58,Arnold_Kohler@gmail.com,Seychelles,Analyst,sales,female,9,2,3,4,5
Lorine_Hammes,Ervin_Sauer@gmail.com,Burundi,Agent,tech,male,14,2,3,5,2
Jimmy_Anderson,Lonnie.Bosco@gmail.com,Papua New Guinea,Producer,sales,male,5,4,2,1,3
Donny_Goldner,Titus_Dicki@hotmail.com,Guatemala,Officer,tech,female,2,2,3,4,2
Kayli.Keebler,Andreane.Pollich37@hotmail.com,Central African Republic,Strategist,content,male,23,5,1,5,2
Ellen.Schiller37,Kareem_Schroeder@hotmail.com,Saint Pierre and Miquelon,Assistant,content,male,29,5,1,2,4
Nicholas.Abshire40,Cordelia_Murphy22@yahoo.com,Congo,Director,hr,male,12,4,2,1,3
Waylon.Conn75,Theodore.Reilly57@yahoo.com,Bulgaria,Producer,finance,female,16,1,4,5,5
Lula99,Steve.Murazik@gmail.com,United Kingdom,Director,product,female,3,5,4,4,2
Ahmad3,Grace.Wilderman@hotmail.com,Indonesia,Producer,sales,female,27,1,1,5,4
Noe_Sipes52,Nina_Harvey@gmail.com,Turkmenistan,Designer,product,male,24,1,1,5,2
Rosie61,Dennis_Hickle53@yahoo.com,Armenia,Officer,product,female,20,1,3,1,3
Lexus71,Emmett_Bogisich29@gmail.com,Guinea,Administrator,tech,male,26,5,1,2,2
Enrico_Miller,Raphaelle_Goyette40@hotmail.com,Mongolia,Developer,finance,female,6,5,3,4,4
Melvina.Satterfield10,Forest.Thompson@gmail.com,Iceland,Executive,content,male,13,4,5,5,5
Krystel_Satterfield,Cyrus_Weber@hotmail.com,Mauritius,Technician,tech,male,25,1,1,4,4
Art30,Anastasia.Lynch@gmail.com,Slovenia,Manager,hr,female,22,2,1,2,5
Lucy_Zulauf99,Remington37@yahoo.com,Peru,Officer,finance,male,22,1,4,2,2
Ruth_Hyatt,Helen_Weissnat76@gmail.com,Tunisia,Agent,content,female,6,5,3,4,2
Walton.Koch,Sister.Johnston97@gmail.com,Gibraltar,Orchestrator,product,female,15,3,1,3,3
Guy.Reilly,Earline.Koepp54@hotmail.com,Norway,Agent,tech,male,25,1,3,5,4
Carleton.Reilly0,Valerie_Wisoky@hotmail.com,Germany,Associate,tech,male,7,5,3,3,3
Katelyn_Rolfson-Runte,Blake.Prohaska@hotmail.com,Rwanda,Analyst,tech,male,2,2,3,4,4
Morris_Gottlieb-Veum23,Jamarcus_Hartmann79@gmail.com,Thailand,Planner,hr,male,27,1,2,5,3
Andy.Tremblay30,Vince.Harvey@gmail.com,Vanuatu,Orchestrator,hr,male,16,4,4,4,3
Mckenzie_Corkery,Paula13@yahoo.com,Afghanistan,Engineer,sales,female,9,5,4,4,5
Allison_Pollich72,Omer74@hotmail.com,Cayman Islands,Specialist,product,male,19,5,4,5,5
Amparo.Keebler93,Juanita15@gmail.com,Serbia,Engineer,hr,male,24,3,2,1,2
Holden.Koss58,Avis60@hotmail.com,United States of America,Technician,finance,female,10,5,5,4,2
Rosendo_Schoen44,Keyshawn.Fay60@hotmail.com,Rwanda,Agent,finance,male,21,3,5,4,5
Teresa_Wintheiser1,Reva_Emmerich@hotmail.com,Hong Kong,Supervisor,hr,female,17,1,5,1,2
Jamey_Lynch18,Antoinette91@hotmail.com,Eritrea,Strategist,finance,female,4,1,5,4,4
Buddy83,Lorenz.Konopelski13@hotmail.com,Antigua and Barbuda,Orchestrator,tech,male,10,3,5,2,4
London_Mraz,Arne_Gislason@gmail.com,Solomon Islands,Specialist,product,male,1,2,5,5,2
Boyd6,Gloria.Cartwright@yahoo.com,Oman,Technician,tech,female,6,3,4,4,2
Shyann.Ebert99,Myrtie_Herman27@yahoo.com,Belgium,Planner,product,male,13,1,2,2,3
Eliza57,Martine_Abbott98@yahoo.com,Sao Tome and Principe,Technician,product,female,7,3,1,4,4
Jeffrey_Quigley11,Gabrielle_Pacocha99@yahoo.com,Angola,Director,product,male,28,5,1,5,2
Wyman.Kozey,Flavio.Hermiston9@yahoo.com,Jamaica,Supervisor,sales,male,16,5,3,2,5
Delpha15,Juanita53@hotmail.com,South Sudan,Assistant,hr,male,29,5,2,5,4
Elody_Zieme16,Pearlie_Quitzon@yahoo.com,Czechia,Technician,content,male,8,4,3,3,4
Flavio.Gulgowski92,Rebeca.Beer@gmail.com,Ecuador,Developer,finance,male,16,4,1,5,5
Bryana73,Yasmine75@yahoo.com,Guadeloupe,Representative,tech,male,7,2,4,2,3
Cristian.Stehr,Duane.Grimes44@yahoo.com,Lithuania,Agent,hr,male,25,1,4,5,3
Justina26,Jacynthe.Crist-Hagenes90@yahoo.com,Anguilla,Executive,product,female,25,2,4,4,4
Augustine_Reilly61,Lincoln_Roberts@yahoo.com,Republic of Korea,Technician,content,female,25,1,4,4,2
Christopher_Bogisich5,Rosemarie.Lang@yahoo.com,Rwanda,Analyst,tech,male,28,2,3,3,4
Rafael_Howell33,Austen.Wilderman58@hotmail.com,Ghana,Officer,product,female,11,2,3,5,4
Melody.Yundt,Lorenz.Thompson@gmail.com,Venezuela,Planner,tech,male,8,3,1,3,5
Ken61,Caroline_Goyette54@hotmail.com,Saint Lucia,Agent,finance,male,6,2,5,5,4
Treva.Conn,Romaine75@yahoo.com,Ghana,Specialist,finance,male,18,5,3,2,2
Tyrique57,Hollis.Cartwright56@gmail.com,Macao,Representative,sales,male,12,3,3,2,2
Willis_Leannon21,Lydia45@yahoo.com,South Georgia and the South Sandwich Islands,Specialist,tech,female,26,2,1,5,4
Clotilde_Tromp,Britney67@hotmail.com,Senegal,Orchestrator,tech,male,28,3,1,1,4
Elyssa.Ryan,Allie.King41@yahoo.com,Israel,Technician,sales,male,18,4,5,5,2
Alvah24,Nelda86@hotmail.com,Chad,Technician,hr,male,20,3,4,3,5
Mireille_Donnelly,Zoe94@gmail.com,Barbados,Agent,product,female,14,3,5,4,4
Charlie55,Marcelina.Crist@hotmail.com,Greenland,Architect,sales,male,6,2,5,2,4
Dawn_Nolan,Delilah85@gmail.com,Hong Kong,Analyst,tech,male,25,5,5,3,5
Carlee93,Monserrate8@gmail.com,Bahrain,Supervisor,hr,female,30,5,1,1,4
Horace.Roob90,Percy21@yahoo.com,Saint Kitts and Nevis,Officer,product,male,25,2,3,5,5
Scottie22,Tevin.Kuhic62@hotmail.com,Guadeloupe,Supervisor,hr,male,24,3,4,4,4
Karl.Beahan50,Gabriella.Marvin39@gmail.com,Israel,Officer,content,male,22,2,3,3,3
Joanie_Keebler77,Neal.Quigley@gmail.com,Guernsey,Producer,sales,male,23,2,3,4,2
Imani.Beahan,Torrance_Larson62@gmail.com,Wallis and Futuna,Consultant,tech,male,13,2,3,1,3
Darrel.Wilderman27,Cleora.Jakubowski-Greenfelder@yahoo.com,South Georgia and the South Sandwich Islands,Manager,content,male,6,2,5,3,2
Geovany_Schmeler46,Ethel_Zemlak@hotmail.com,United States of America,Coordinator,hr,male,1,3,1,3,2
Onie.Luettgen77,Murphy.Reinger@yahoo.com,Spain,Producer,finance,male,30,1,5,1,5
Vivien10,Norberto55@yahoo.com,Finland,Officer,finance,male,25,1,3,4,3
Elna91,Solon_Daugherty69@yahoo.com,Dominican Republic,Orchestrator,finance,female,19,5,2,4,2
Meagan_Mayert80,Ismael_McClure@hotmail.com,Holy See (Vatican City State),Executive,finance,female,1,3,1,2,5
Mossie.Miller,Kiara_Lueilwitz@gmail.com,Heard Island and McDonald Islands,Coordinator,content,female,3,2,1,2,4
Blaise_Bartoletti67,Janiya_Kirlin-Renner@hotmail.com,Australia,Engineer,hr,female,3,1,2,4,5
Easton_Wintheiser51,Anibal_Carter65@hotmail.com,Malta,Supervisor,finance,female,5,3,5,2,4
Jamarcus.Gleason-Friesen17,Dillon17@yahoo.com,Svalbard & Jan Mayen Islands,Director,product,male,15,4,4,1,4
Evans_Hegmann,Jennifer3@yahoo.com,Greenland,Orchestrator,sales,male,22,4,5,2,2
Luisa.Leuschke,Angie38@gmail.com,Martinique,Consultant,finance,male,1,3,1,2,2
Chelsie_Tromp,Verna22@gmail.com,North Macedonia,Engineer,finance,female,7,2,4,2,2
Myrna77,Zakary78@hotmail.com,American Samoa,Planner,content,male,10,5,3,3,4
Edison34,Dimitri62@gmail.com,Isle of Man,Consultant,sales,male,13,1,4,3,2
Whitney_White-Gleason,Dustin_Armstrong@yahoo.com,Dominican Republic,Facilitator,hr,female,4,4,4,3,2
Paxton.Hermann-Davis,Kennedi.Lynch52@hotmail.com,Togo,Executive,finance,female,10,5,4,5,3
Moses40,Dedric42@yahoo.com,Philippines,Agent,sales,female,8,4,1,2,5
Belle67,Melissa.Windler@gmail.com,South Georgia and the South Sandwich Islands,Analyst,finance,male,19,3,3,2,4
Jackeline67,Lelah3@yahoo.com,Aruba,Liaison,tech,male,20,2,5,5,3
Tatum_Ondricka-Schaden33,Dillan4@gmail.com,Malaysia,Liaison,sales,male,28,5,3,4,2
Cristina_Kshlerin91,Elenor.Zemlak33@hotmail.com,Hong Kong,Representative,tech,female,15,3,1,4,5
Marcel_Jakubowski81,Alfred_Treutel@yahoo.com,Montenegro,Supervisor,tech,female,17,1,3,5,3
Daryl.Rohan,Savanna.Friesen86@yahoo.com,"Bonaire, Sint Eustatius and Saba",Agent,product,male,1,4,4,1,4
Isom_Block57,Violet10@yahoo.com,Mozambique,Administrator,finance,male,8,4,5,2,5
Rhianna_Shields24,Wilber.Wolf83@yahoo.com,Taiwan,Producer,hr,male,28,1,2,4,3
Orie83,Anastacio.Jacobi@hotmail.com,Rwanda,Technician,sales,female,11,1,5,3,4
Estell90,Michaela.Marks11@yahoo.com,Australia,Executive,tech,female,2,4,2,2,4
Lawrence_Johnston,Eric92@gmail.com,Lesotho,Designer,tech,female,27,4,2,4,5
Winston_Dooley58,Maximillia28@hotmail.com,French Guiana,Facilitator,content,female,29,4,3,2,3
Rodolfo86,Lavada.Gerlach@yahoo.com,Peru,Technician,finance,female,16,1,3,2,4
Shaun.Douglas,Stevie.Hickle87@gmail.com,Armenia,Representative,hr,female,21,2,3,5,4
Jovanny_Murphy54,Justine95@hotmail.com,Pakistan,Liaison,finance,male,26,1,1,1,5
Edwina69,Barton49@hotmail.com,Ukraine,Strategist,tech,female,28,2,5,3,4
Kristoffer67,Veda_Langworth47@hotmail.com,Turkmenistan,Executive,hr,male,9,5,5,4,4
Madie_Padberg80,Riley.Stracke17@gmail.com,Colombia,Producer,product,male,7,3,2,3,2
Dudley29,Lois.Smitham@hotmail.com,Cuba,Associate,content,male,13,2,2,5,4
Marlin_Upton,London27@hotmail.com,Turkey,Manager,sales,male,27,3,5,2,5
Reyes43,Mozell78@gmail.com,French Polynesia,Liaison,sales,male,22,5,5,5,5
Kaya19,August27@gmail.com,Tonga,Representative,sales,male,17,5,4,2,5
Charity_Rau6,Rosalee.Kirlin-Collins92@gmail.com,Sudan,Administrator,sales,female,27,2,3,2,2
Darrion12,Daryl.Marquardt@hotmail.com,French Guiana,Strategist,sales,female,4,2,2,3,5
Travis55,Bertrand_Monahan@hotmail.com,Norway,Strategist,hr,female,16,2,2,5,2
Stephan_Heidenreich,Ardella19@gmail.com,Georgia,Agent,content,male,26,3,4,4,5
Barney.Stamm22,Kiana.Kris61@hotmail.com,Poland,Orchestrator,content,female,27,5,4,2,5
Royce_Runolfsdottir66,Hilario93@hotmail.com,Liberia,Coordinator,tech,male,16,4,1,4,3
Zack.Kuphal60,Lera45@gmail.com,Kiribati,Producer,finance,female,3,2,4,2,2
Asa25,Marisa_Conroy55@hotmail.com,Montenegro,Supervisor,tech,male,24,1,4,2,5
Johnny89,Price.Reichert40@yahoo.com,Greece,Designer,content,male,24,1,5,3,5
Davion_Mueller36,Alfonzo_Boyle22@hotmail.com,Saint Helena,Executive,product,female,24,4,2,1,3
Cathy.DuBuque,Jan.DuBuque28@gmail.com,Tonga,Orchestrator,product,female,25,4,4,3,4
Shakira.Nicolas,Carlie70@gmail.com,Iraq,Supervisor,sales,female,25,5,5,2,5
Oral44,Kennedi_Luettgen@yahoo.com,Armenia,Assistant,tech,male,19,5,1,2,4
Jarret_Willms,Eulah22@hotmail.com,Saint Kitts and Nevis,Officer,tech,male,2,1,5,3,2
Cielo.Muller48,Cary.Leffler44@yahoo.com,Niger,Planner,content,female,14,4,3,5,5
Laurence_Treutel,Melyssa_Beier74@yahoo.com,Saint Pierre and Miquelon,Producer,content,female,20,2,1,3,2
Curtis57,Johan_Little39@yahoo.com,Lesotho,Consultant,content,female,5,3,1,4,3
Susan_Hegmann-Hettinger2,Glenna_Heaney85@yahoo.com,Singapore,Technician,finance,female,9,2,2,5,2
Tremaine.Johns54,Elizabeth.DAmore@gmail.com,Sweden,Officer,content,female,26,2,5,2,5
Elliot94,Adolf.Becker63@gmail.com,Nauru,Director,finance,male,12,1,1,4,5
Alivia.Jaskolski76,Halie20@yahoo.com,Aruba,Architect,hr,female,20,3,5,3,4
Gabriella_Powlowski,Geovanni42@hotmail.com,Switzerland,Engineer,product,male,12,1,1,5,2
Winifred.Kertzmann86,Alan.Mayert61@hotmail.com,Macao,Strategist,content,male,19,2,5,4,4
Jaquan_Christiansen,Jana.Lindgren55@hotmail.com,Svalbard & Jan Mayen Islands,Developer,sales,female,17,3,3,4,4
Flossie62,Noelia_Paucek34@hotmail.com,Burkina Faso,Assistant,content,female,14,5,2,1,5
Vida66,Noah_Herzog-Bashirian@gmail.com,Maldives,Analyst,sales,male,2,3,1,3,2
Alessia30,Jimmy.Hamill73@hotmail.com,United Arab Emirates,Coordinator,finance,male,25,4,2,4,5
Marguerite.Koch,Shanie_Wunsch31@yahoo.com,Brazil,Analyst,product,male,9,3,4,3,5
Ansel_Cummings34,Rosemarie.Witting25@yahoo.com,Seychelles,Administrator,content,female,4,3,4,1,5
Gerda.Haley,Ronaldo83@hotmail.com,Colombia,Associate,sales,female,4,1,5,1,3
Josh.McCullough,Cecilia34@yahoo.com,Cayman Islands,Strategist,hr,female,4,1,5,3,2
Gino_Bogan5,Frederique.Reichert62@yahoo.com,India,Coordinator,hr,male,12,2,1,5,5
Marianna68,Lolita31@gmail.com,Zimbabwe,Analyst,tech,female,27,3,5,3,3
Hans.Nienow,Stevie_Schumm@hotmail.com,Jordan,Liaison,content,female,3,3,1,4,5
Carissa77,Gia_Wilkinson@yahoo.com,Saint Kitts and Nevis,Analyst,finance,male,21,4,3,1,3
Sandy15,Virginie15@hotmail.com,Ghana,Engineer,content,male,28,2,5,3,5
Jalyn86,Jerrell88@yahoo.com,Ukraine,Coordinator,sales,female,12,1,1,2,5
Tessie75,Precious_Moore@hotmail.com,Spain,Administrator,product,male,6,3,3,5,4
Korey.Dare53,Eulalia28@hotmail.com,Cocos (Keeling) Islands,Architect,tech,male,2,5,2,1,3
Arturo.Mitchell,Jasen.Hayes24@hotmail.com,Liberia,Assistant,hr,female,23,4,5,4,2
Raymond76,Ivory.Dare17@hotmail.com,Pitcairn Islands,Architect,finance,male,20,5,5,4,5
Oran66,Stephanie.Friesen@gmail.com,Iceland,Architect,tech,female,24,5,5,5,5
Adelle.Zieme49,Janae_Rogahn@hotmail.com,Uruguay,Designer,tech,male,23,3,1,2,2
Fernando7,Yadira_Buckridge3@yahoo.com,Saint Lucia,Representative,sales,female,9,4,1,4,4
Allen_Daugherty72,Marilyne83@hotmail.com,Antarctica,Orchestrator,hr,male,15,5,4,5,2
Mathilde.Nolan,Coby_Bednar0@yahoo.com,Kenya,Agent,product,male,23,4,1,2,2
Braden26,Justice69@yahoo.com,Guernsey,Administrator,hr,female,20,4,5,3,5
Salma.Senger36,Lorena87@yahoo.com,Dominica,Designer,content,female,5,1,5,4,5
Marc_Abshire,Lyric_Kris@yahoo.com,United States of America,Specialist,content,male,9,4,5,5,2
Beth.Kuhlman,Oral57@hotmail.com,Gibraltar,Designer,hr,female,24,1,1,1,5
Emely.Rempel2,Tillman_Kemmer@gmail.com,Isle of Man,Technician,tech,female,30,4,1,1,4
Lorine_Swift,Imani_Prosacco98@gmail.com,Antigua and Barbuda,Designer,content,female,25,2,1,1,2
Sabrina_Powlowski,Jennie_Armstrong10@gmail.com,Seychelles,Producer,tech,female,10,4,3,1,2
Rozella_Beer,Callie49@hotmail.com,Uzbekistan,Liaison,content,male,7,5,5,5,3
Alice77,Carmine.Satterfield62@hotmail.com,Heard Island and McDonald Islands,Facilitator,content,male,9,3,4,5,2
Jaida45,Chance_Huel@yahoo.com,Macao,Liaison,product,female,10,2,5,2,5
Freddie24,Allan16@gmail.com,Sao Tome and Principe,Designer,tech,female,4,3,5,1,3
Orland_Herman43,Madelynn89@gmail.com,South Georgia and the South Sandwich Islands,Architect,sales,male,28,4,2,5,5
Sherman65,Andrew.Von73@gmail.com,Switzerland,Liaison,sales,female,13,3,2,5,3
Brennan.Koelpin71,Aurelia.Wiegand@hotmail.com,Australia,Producer,product,female,4,3,5,2,5
Juana.Ernser,Kenneth4@yahoo.com,Guinea-Bissau,Supervisor,finance,male,2,4,5,4,5
Rodger78,Heaven7@hotmail.com,Estonia,Designer,product,male,22,2,2,5,5
Aglae.Turner65,Jewell_Keeling@hotmail.com,New Zealand,Representative,finance,female,17,4,2,1,3
Juana.Ryan,Deonte_Halvorson9@hotmail.com,Honduras,Planner,hr,female,30,5,5,3,5
Kenton_Leuschke,Lamar_Waters80@gmail.com,Namibia,Representative,content,male,25,5,4,5,5
Royce.Ondricka,Grayce_Nolan82@yahoo.com,Uzbekistan,Officer,product,female,21,4,1,5,3
Abby.Jakubowski81,Neoma_McDermott@hotmail.com,Azerbaijan,Liaison,finance,male,29,5,5,3,2
Dolores.Reynolds87,Charles.Goldner@hotmail.com,Congo,Agent,tech,male,25,4,5,2,4
Fernando_Quigley,Fredrick_Hickle61@hotmail.com,Ukraine,Supervisor,sales,male,17,4,3,1,4
Daisha.Hickle15,Alvera7@hotmail.com,South Georgia and the South Sandwich Islands,Supervisor,finance,female,8,1,5,5,2
Unique_McLaughlin,Minerva.Kunde-Borer@yahoo.com,Rwanda,Technician,hr,male,19,2,5,3,5
Pat_Little,Alana_Mueller6@gmail.com,Pakistan,Coordinator,tech,female,27,1,5,1,2
Bonita_Glover28,Ludwig_Aufderhar48@yahoo.com,Djibouti,Specialist,sales,male,9,4,5,3,5
Alexie66,Nicola.Rice@gmail.com,Peru,Engineer,hr,male,24,3,5,5,5
Edwina_Quitzon23,Nicholaus.Predovic@hotmail.com,Gabon,Administrator,finance,male,10,4,2,2,5
Eduardo.Gibson35,June68@gmail.com,Belarus,Architect,content,male,11,1,5,2,3
Alysa_Sipes,Pearline_Schiller@hotmail.com,Switzerland,Agent,tech,male,25,2,1,5,5
Theodora41,Austin_Mann@hotmail.com,Palau,Executive,sales,male,17,2,5,5,4
Caterina35,Jayce.Konopelski4@yahoo.com,Timor-Leste,Planner,finance,male,3,2,4,2,5
Braeden83,Thurman.Marquardt22@hotmail.com,Aland Islands,Officer,hr,male,24,1,1,4,2
Lindsay.Kunde,Nolan.Larson@gmail.com,Mexico,Analyst,hr,male,23,3,3,5,5
Guy23,Johnpaul.Bernhard51@gmail.com,Serbia,Administrator,product,female,22,5,2,5,3
Maiya94,Monica49@yahoo.com,Turkmenistan,Manager,tech,female,16,5,4,5,4
Keely98,Patsy_Homenick97@hotmail.com,Jamaica,Assistant,finance,male,12,1,4,2,5
Hudson.Steuber,Camille_Champlin@gmail.com,French Polynesia,Specialist,finance,male,26,1,2,3,4
Tania15,Justine.Wunsch@hotmail.com,Algeria,Manager,tech,female,14,4,1,2,5
Rossie_Jaskolski,Jamey_Little@yahoo.com,Paraguay,Director,hr,female,24,1,1,5,2
Jerod99,Cesar99@gmail.com,Cape Verde,Agent,product,male,30,3,1,1,4
Norval.Quitzon-Kassulke,Linnea_Gutmann@hotmail.com,Yemen,Coordinator,tech,male,20,2,5,5,5
Cora.Ledner,Sandy.Towne@gmail.com,Eritrea,Technician,sales,male,15,3,5,3,5
Aditya.Langworth92,Jayda_Armstrong@hotmail.com,Turkmenistan,Specialist,sales,male,4,2,4,4,3
Garrick96,Jadyn.Ward82@gmail.com,El Salvador,Officer,hr,female,23,2,2,2,2
Beatrice_Bashirian,Ella30@hotmail.com,India,Designer,tech,female,10,3,2,1,5
Urban2,Henderson.Lowe@gmail.com,Heard Island and McDonald Islands,Assistant,product,female,14,2,1,2,3
Archibald.Wiza,Amely92@gmail.com,Germany,Facilitator,finance,female,23,5,2,4,4
Kim.Wilderman43,Francesca_Lowe@yahoo.com,Latvia,Technician,product,female,9,3,5,3,4
Odell70,Margaret_Moen@yahoo.com,San Marino,Supervisor,content,female,26,5,1,1,2
Chester.Monahan80,Rosina39@hotmail.com,Sint Maarten,Supervisor,finance,female,19,3,4,2,3
Khalid.West68,Janiya41@yahoo.com,Japan,Consultant,finance,male,3,2,3,3,3
Jazlyn.Brown,Keyshawn_OHara6@hotmail.com,Eritrea,Assistant,content,male,2,3,2,4,3
Jon.Rosenbaum43,Armando_Schmidt52@yahoo.com,Liechtenstein,Administrator,product,male,17,2,4,3,2
Marilie_Glover,Brett91@gmail.com,South Sudan,Technician,hr,female,7,5,3,3,5
Audie.Okuneva,Jordane.Collier67@gmail.com,Tanzania,Engineer,content,female,7,3,3,1,2
Adan.Kreiger21,Rodger96@yahoo.com,Andorra,Executive,content,male,13,4,4,2,5
Geovanni.Schultz32,Romaine_McDermott@gmail.com,Bahamas,Agent,sales,male,22,5,3,1,3
May_Beier,Trinity.Dickinson64@gmail.com,Cuba,Administrator,product,male,22,5,1,3,4
Cathryn8,Ottis.Greenholt@yahoo.com,Cambodia,Administrator,sales,female,17,1,5,3,5
Abbey95,Lewis.Kerluke@yahoo.com,Singapore,Specialist,hr,female,22,1,2,3,5
Davon_Bartoletti,Elmo_Stehr30@hotmail.com,Honduras,Architect,finance,female,25,4,4,4,2
Destini_Runolfsdottir,Stewart24@hotmail.com,Estonia,Assistant,hr,female,4,1,1,5,2
Tamia.Harris,Rhiannon_Lindgren21@yahoo.com,Belgium,Executive,sales,male,9,3,4,3,2
Romaine_Gutkowski,Irwin_Boehm57@yahoo.com,Congo,Developer,product,male,21,2,4,4,4
Alize.Kreiger22,Muhammad_Rippin@yahoo.com,Mozambique,Architect,finance,male,7,5,5,5,4
Mackenzie_Mills,Robb.Hansen-Douglas79@yahoo.com,Tokelau,Assistant,content,male,1,2,3,2,4
Jennings45,Doris_Jacobson92@hotmail.com,Canada,Associate,product,female,18,4,5,2,2
Luella_Pouros,Lela.Paucek47@yahoo.com,Micronesia,Engineer,sales,male,30,5,1,5,2
Garett69,Gerry.Fahey@gmail.com,Antarctica,Coordinator,tech,female,24,4,2,3,2
Blanche_Dooley,Monique_Sawayn@hotmail.com,Malawi,Developer,tech,male,30,5,5,3,5
Jerel.Moore77,Fabian92@yahoo.com,Christmas Island,Agent,tech,female,13,5,2,2,3
Clemmie.Reichert91,Loyce_Jacobi@gmail.com,Luxembourg,Developer,hr,male,13,4,3,2,2
Mohammed61,Rhianna_Kemmer80@hotmail.com,South Sudan,Associate,tech,male,2,5,2,4,4
Euna_Gleichner,Rosanna.Medhurst@gmail.com,Uganda,Facilitator,sales,female,21,4,2,2,5
Vicente97,Mariah67@yahoo.com,Saint Helena,Designer,hr,female,7,4,1,5,4
Olin_Toy,Marcellus62@hotmail.com,Brunei Darussalam,Orchestrator,hr,female,15,2,1,4,4
Keira73,Dashawn76@yahoo.com,Brazil,Architect,tech,female,22,5,1,4,5
Monica82,Polly_Wilderman44@yahoo.com,Mozambique,Designer,content,female,12,5,2,1,2
Roman27,Gisselle_Bechtelar@gmail.com,Curacao,Officer,hr,female,19,4,4,4,5
Amani_Hills-Halvorson,Lysanne_Hane85@gmail.com,Morocco,Orchestrator,product,female,15,3,3,1,2
Rex36,Madeline.Wolf@yahoo.com,Portugal,Executive,hr,male,12,1,4,4,2
Brionna.Zulauf75,Vilma_Klocko-Altenwerth@hotmail.com,Palestine,Representative,hr,male,1,3,2,2,2
Jordy.Wintheiser,Colin75@gmail.com,Canada,Analyst,content,male,25,5,5,4,2
Cesar_Nienow87,Kaia.Oberbrunner@gmail.com,Sierra Leone,Liaison,sales,male,20,1,2,5,5
Maddison_Auer,Antonietta.Will53@gmail.com,United States Minor Outlying Islands,Coordinator,finance,male,7,3,2,1,4
Roy3,Esta.Boyle@gmail.com,Iran,Coordinator,tech,male,21,1,1,4,3
Mose7,Brianne.Mayert50@gmail.com,India,Engineer,content,female,24,4,1,4,2
Mellie_Rohan28,Kyleigh_Senger@gmail.com,Cayman Islands,Orchestrator,hr,male,19,2,5,5,3
Keon16,Baby98@gmail.com,Mexico,Engineer,tech,female,26,5,2,2,2
Fredrick.Altenwerth,Diamond16@hotmail.com,New Caledonia,Associate,tech,female,18,4,1,3,4
Javier20,Odie_Spinka@yahoo.com,Lebanon,Producer,tech,female,1,1,3,1,2
Cornell54,Nellie.Hane52@gmail.com,New Caledonia,Officer,hr,male,10,1,5,5,5
Isac95,Hazel_Hegmann@gmail.com,Antigua and Barbuda,Specialist,sales,female,22,5,5,4,2
Geovanny.Grimes43,Margaret.Watsica82@yahoo.com,Wallis and Futuna,Officer,sales,female,4,1,1,4,3
Xander_Keeling79,Seth14@yahoo.com,Costa Rica,Agent,finance,male,23,3,1,4,4
Connie.Mayert27,Ed_Powlowski@gmail.com,Philippines,Associate,tech,male,8,5,2,1,4
Hector_Zemlak58,Trystan59@gmail.com,Armenia,Supervisor,product,female,15,5,1,3,2
Camilla.Rohan66,Gracie47@hotmail.com,Saint Martin,Engineer,finance,female,17,2,4,3,4
Retta.Rohan,Ursula57@gmail.com,Saint Helena,Planner,finance,male,20,3,5,5,2
Trycia.Lemke63,Pasquale_Schulist88@hotmail.com,Brazil,Agent,hr,male,6,1,4,2,3
Myah.Bayer,Roselyn_Price@gmail.com,Grenada,Developer,hr,male,18,1,2,3,4
Yessenia61,Lorine.Nader@hotmail.com,Kiribati,Supervisor,finance,female,18,4,5,4,5
Francis.Reynolds12,Molly_Sipes-Heller32@gmail.com,Somalia,Engineer,product,female,11,5,4,2,3
Jarred_Bogisich60,Jay48@hotmail.com,Burkina Faso,Engineer,content,female,30,3,5,2,4
Mae25,Allie.Mayer-Hyatt58@hotmail.com,Angola,Strategist,hr,female,15,2,5,2,2
Josianne.Bashirian46,Dedrick.Wisozk@gmail.com,Central African Republic,Producer,tech,female,11,2,3,1,4
Gianni_Pollich,Guillermo.Dooley7@gmail.com,Canada,Associate,hr,male,16,5,1,4,4
